WKT,name,description
"POLYGON ((106.8937464 -6.3888733, 106.8765803 -6.3820494, 106.8470545 -6.3806846, 106.8127223 -6.3690838, 106.7646571 -6.3615773, 106.7502375 -6.3424692, 106.745431 -6.3670366, 106.7474909 -6.3861437, 106.7406245 -6.4025207, 106.7330714 -6.4209442, 106.7351313 -6.4325438, 106.7262049 -6.4734815, 106.7344447 -6.4884912, 106.7577906 -6.4980425, 106.7584773 -6.5157803, 106.7756434 -6.5553469, 106.8058558 -6.5587577, 106.811349 -6.5703541, 106.8319483 -6.5642149, 106.844308 -6.564897, 106.8525477 -6.535564, 106.8676539 -6.4966781, 106.8916865 -6.4468724, 106.8958064 -6.4318615, 106.8992396 -6.4045678, 106.8937464 -6.3888733))",Depok, Jawa Barat,
